<application>
  <component name="FindSettings">
    <option name="customScope" value="Project Files" />
    <option name="defaultScopeName" value="Project Files" />
    <option name="SEARCH_SCOPE" value="Project Files" />
    <option name="FILE_MASK" value="*.ts" />
    <mask>*.css</mask>
    <mask>*.html</mask>
    <mask>*.xml</mask>
    <mask>*.php4</mask>
    <mask>*.phtml</mask>
    <mask>*.php5</mask>
    <mask>*.ctp</mask>
    <mask>*.module</mask>
    <mask>*.inc</mask>
    <mask>jㄴ</mask>
    <mask>*.entity.ts</mask>
    <mask>*.spec.ts</mask>
    <mask>*.hphp</mask>
    <mask>*.php</mask>
    <mask>*.js</mask>
    <mask>*.ts</mask>
  </component>
</application>