<application>
  <component name="NodeJsLocalInterpreterManager">
    <local-interpreter path="/opt/homebrew/bin/node">
      <version-cache version="21.7.1" last-modified="1710853089150" />
    </local-interpreter>
    <local-interpreter path="$USER_HOME$/.nvm/versions/node/v20.12.1/bin/node">
      <version-cache version="20.12.1" last-modified="1712104807000" />
    </local-interpreter>
    <local-interpreter path="$USER_HOME$/.nvm/versions/node/v18.17.1/bin/node">
      <version-cache version="18.17.1" last-modified="1691534708000" />
    </local-interpreter>
    <local-interpreter path="$USER_HOME$/.nvm/versions/node/v18.12.1/bin/node">
      <version-cache version="18.12.1" last-modified="1667579253000" />
    </local-interpreter>
    <local-interpreter path="$USER_HOME$/.nvm/versions/node/v16.18.1/bin/node">
      <version-cache version="16.18.1" last-modified="1667564252000" />
    </local-interpreter>
    <local-interpreter path="$USER_HOME$/.nvm/versions/node/v14.16.0/bin/node">
      <version-cache version="14.16.0" last-modified="1614040154000" />
    </local-interpreter>
    <local-interpreter path="$USER_HOME$/.nvm/versions/node/v13.14.0/bin/node">
      <version-cache version="13.14.0" last-modified="1588191975000" />
    </local-interpreter>
    <local-interpreter path="$USER_HOME$/.nvm/versions/node/v12.22.12/bin/node">
      <version-cache version="12.22.12" last-modified="1649145075000" />
    </local-interpreter>
  </component>
</application>