<application>
  <component name="CachedDictionaryState">
    <words>
      <w>achv</w>
      <w>alertbox</w>
      <w>alertboxes</w>
      <w>appsmith</w>
      <w>assumer</w>
      <w>authkey</w>
      <w>bdwr</w>
      <w>bingbing</w>
      <w>cashbill</w>
      <w>cashlog</w>
      <w>chatbox</w>
      <w>chatboxes</w>
      <w>clippy</w>
      <w>datadoghq</w>
      <w>ddsource</w>
      <w>ddtags</w>
      <w>detai</w>
      <w>detail의</w>
      <w>donatability</w>
      <w>dtos</w>
      <w>ejn에서</w>
      <w>expectable</w>
      <w>gived</w>
      <w>groupby</w>
      <w>helloword</w>
      <w>helloworld</w>
      <w>hmmss</w>
      <w>hzrqc</w>
      <w>imgs</w>
      <w>invoicee</w>
      <w>invoicer</w>
      <w>kakao</w>
      <w>kartparty</w>
      <w>liveness</w>
      <w>lovo</w>
      <w>meligo</w>
      <w>meligos</w>
      <w>mgkey</w>
      <w>mgtkey</w>
      <w>naver</w>
      <w>passthrough</w>
      <w>phpsessid</w>
      <w>pickable</w>
      <w>pickeds</w>
      <w>pickme</w>
      <w>pingback</w>
      <w>pk인듯</w>
      <w>popbill</w>
      <w>presigned</w>
      <w>regist</w>
      <w>regno</w>
      <w>rembg</w>
      <w>slotmachine</w>
      <w>ssakdook</w>
      <w>stepfunctions</w>
      <w>superchat</w>
      <w>supersticker</w>
      <w>sysctls</w>
      <w>taxinvoice</w>
      <w>thisis</w>
      <w>timeouted</w>
      <w>tscpaths</w>
      <w>twip</w>
      <w>twipkr</w>
      <w>twipper</w>
      <w>twippy</w>
      <w>twipweb</w>
      <w>twip인</w>
      <w>vtube</w>
      <w>vtuber</w>
      <w>youtu</w>
      <w>yyyymm</w>
      <w>yyyymmdd</w>
    </words>
  </component>
</application>